{"cameraMode":{"drawMode":0,"name":"Shaded","section":"Shading Mode"},"sceneLighting":true,"audioPlay":false,"sceneViewState":{"m_AlwaysRefresh":false,"showFog":true,"showSkybox":true,"showFlares":true,"showImageEffects":true,"showParticleSystems":true,"showVisualEffectGraphs":true,"m_FxEnabled":true},"in2DMode":false,"pivot":{"x":40.80673599243164,"y":4.585929870605469,"z":40.804134368896487},"rotation":{"x":0.022005479782819749,"y":0.3395151197910309,"z":-0.007945474237203598,"w":0.9403098821640015},"size":34.26561737060547,"orthographic":false}